时间,汕尾风速,风速1,风速2,风速3,风速4,汕尾风向,风向1,风向2,风向3,风向4,汕尾波高,波高1,波高2,波高3,波高4,波浪方向,方向1,方向2,方向3,方向4,波浪周期,周期1,周期2,周期3,周期4
1993/1/1 0:00,3.784250792,3.784250792,3.784250792,3.784250792,3.784250792,42.03839076,42.02504087,36.21845427,45.8924363,41.96461282,1.14803469,1.035999788,0.749986036,1.367195126,1.242281328,58.75049778,60.78513336,63.73512121,56.25302912,57.01112656,5.765193562,5.574435744,5.260206278,6.023516723,5.928466398
1993/1/1 3:00,4.254678702,4.254678702,4.254678702,4.254678702,4.254678702,43.29547516,45.55184182,45.9199036,42.45902417,41.31638461,1.0444091,0.964036356,0.715026528,1.230628159,1.111438726,60.55614265,62.81771344,66.29507342,57.65386134,58.62071024,5.791101959,5.58552192,5.241123517,6.073677123,5.966631921
1993/1/1 6:00,3.09232095,3.09232095,3.09232095,3.09232095,3.09232095,53.56298004,58.61528831,64.004372,48.64465947,49.21597925,0.954029003,0.898410613,0.669436059,1.120434155,0.999609189,62.74389402,65.22384878,69.27802202,59.40078152,60.62582303,5.813175213,5.6042412,5.247484437,6.104573022,5.991712121
1993/1/1 9:00,2.517259747,2.517259747,2.517259747,2.517259747,2.517259747,52.35526138,57.52208989,60.417143,49.07314931,47.85909477,0.875360242,0.836873702,0.618530109,1.030275424,0.905974951,65.23740507,67.83324213,72.28294447,61.59816539,63.02646491,5.846617028,5.652038973,5.300007465,6.131288888,6.012430547
1993/1/1 12:00,2.490679515,2.490679515,2.490679515,2.490679515,2.490679515,34.60854971,41.33286499,40.94282937,33.10366278,28.68692141,0.813602564,0.788625492,0.574166289,0.962196382,0.832580429,67.60627398,70.26135131,75.1944781,63.62525201,65.35569181,5.836727729,5.65730945,5.319817189,6.107662612,5.989531234
1993/1/1 15:00,2.629487392,2.629487392,2.629487392,2.629487392,2.629487392,33.99056942,41.01424434,40.48687224,32.49938225,27.80247445,0.76474581,0.750394919,0.535526833,0.910881549,0.774314582,69.75634259,72.39830712,77.99614254,65.33371797,67.53110185,5.80016645,5.633137952,5.327268553,6.046961258,5.942460423
1993/1/1 18:00,2.743824579,2.743824579,2.743824579,2.743824579,2.743824579,30.32606532,35.28456617,31.39519691,31.60394836,25.90723095,0.723405476,0.717684269,0.501998416,0.86794882,0.725248607,71.85609598,74.45286104,80.69343124,67.02021009,69.67904458,5.767999353,5.604604681,5.330176402,5.992984305,5.907566231
1993/1/1 21:00,3.244629897,3.244629897,3.244629897,3.244629897,3.244629897,25.75096772,29.64278335,26.23683851,26.98394899,22.28154773,0.702010163,0.697853437,0.478692077,0.848526871,0.702351151,72.71661255,75.83721288,82.97871047,67.14106621,70.09654752,5.617996355,5.504829101,5.260569759,5.809789798,5.713830771
1993/1/2 0:00,3.77117163,3.77117163,3.77117163,3.77117163,3.77117163,36.55446512,39.70130754,38.66853717,36.41072535,33.77386483,0.714191415,0.712982113,0.464381168,0.879193106,0.711755463,70.94490306,75.28786691,83.98401359,63.98232689,67.30587,5.357848867,5.257298428,5.087552725,5.496832516,5.443764266
1993/1/2 3:00,4.45002231,4.45002231,4.45002231,4.45002231,4.45002231,47.08517042,52.6878456,54.22601424,44.60147334,42.17336428,0.721661122,0.717479827,0.464381168,0.890641834,0.721568658,70.05523801,74.99671355,83.4786153,63.0813995,65.88306394,5.178216968,5.074103922,4.858014369,5.349077422,5.266385458
1993/1/2 6:00,3.896478437,3.896478437,3.896478437,3.896478437,3.896478437,59.24138732,66.64123252,72.6126229,53.36354111,52.79771479,0.710831118,0.695400138,0.458656804,0.87183321,0.720955334,70.29148989,75.77678483,83.70934061,63.5593305,65.61388442,5.108832193,5.039027989,4.768779744,5.306368386,5.166246397
1993/1/2 9:00,3.040848121,3.040848121,3.040848121,3.040848121,3.040848121,73.4774534,81.66584402,90.93331005,65.21293307,66.38303992,0.696515234,0.670662708,0.450683583,0.849140196,0.716048736,71.42131988,77.10070861,84.59378761,64.94368234,66.55326602,5.085705207,5.043208023,4.747697836,5.292737842,5.118812105
1993/1/2 12:00,3.085570415,3.085570415,3.085570415,3.085570415,3.085570415,77.09432009,86.01117042,94.39418948,69.25062574,69.32204071,0.686533503,0.653285175,0.441074829,0.835851494,0.712777671,72.68629983,78.35871088,85.33540467,66.55875948,67.81126829,5.082649897,5.060109897,4.787862505,5.269111566,5.09845716
1993/1/2 15:00,3.253068066,3.253068066,3.253068066,3.253068066,3.253068066,76.13643677,85.64310864,92.10891037,69.41542952,67.81133937,0.679058227,0.64347198,0.439439296,0.823585,0.70746219,73.94751548,79.65516736,86.1484367,68.14087587,69.02532288,5.047892946,5.035393178,4.769143225,5.227674714,5.055021161
1993/1/2 18:00,3.483851983,3.483851983,3.483851983,3.483851983,3.483851983,63.8144204,71.34363378,74.51885332,59.75243441,57.21994962,0.673749783,0.635089876,0.439030413,0.813976246,0.70480445,74.83752805,80.73188546,87.03288371,69.11871169,69.73947264,5.007175203,5.012857345,4.750423945,5.179513459,4.998499839
1993/1/2 21:00,3.97664104,3.97664104,3.97664104,3.97664104,3.97664104,57.19924028,63.76815324,66.87745127,53.42946262,51.45181723,0.686186419,0.641836447,0.444959219,0.828287156,0.722386425,74.33687867,80.83076773,87.41193243,68.2727189,68.71768914,4.905316592,4.905448661,4.656464064,5.070287369,4.901632109
1993/1/3 0:00,4.715824627,4.715824627,4.715824627,4.715824627,4.715824627,61.91538408,68.80016207,73.70032787,56.87935513,55.91250628,0.728703643,0.684564735,0.460496778,0.88880186,0.764296946,72.37120035,79.3090794,86.57692656,65.73474053,66.37198185,4.771303357,4.715166272,4.507073305,4.924167941,4.81748622
1993/1/3 3:00,5.828819091,5.828819091,5.828819091,5.828819091,5.828819091,78.35381788,86.9340716,95.32807759,70.569056,70.89866356,0.780487331,0.761639205,0.530415794,0.938685602,0.793736531,73.49720832,80.7813266,87.99973262,66.82244555,67.17402697,4.580771331,4.446735432,4.141592995,4.818394923,4.694084364
1993/1/3 6:00,5.053351378,5.053351378,5.053351378,5.053351378,5.053351378,90.66979074,99.31083566,109.7978497,81.46258602,83.20950611,0.76934711,0.774110141,0.5678286,0.904748302,0.76225253,76.46983185,84.11585662,91.48807951,69.61312306,69.81638107,4.646427623,4.505982862,4.176123705,4.902177331,4.764963191
1993/1/3 9:00,3.6197065,3.6197065,3.6197065,3.6197065,3.6197065,96.36381799,103.0738554,111.9128316,88.75790012,90.57623519,0.717024785,0.729541879,0.543091171,0.837487027,0.703168917,78.71971638,85.97813945,92.94933979,72.22800987,72.40380058,4.825330588,4.680999042,4.385670596,5.059201194,4.947794217
1993/1/3 12:00,2.617252047,2.617252047,2.617252047,2.617252047,2.617252047,92.92993275,99.09659074,105.5019644,87.07690154,87.58779327,0.669666334,0.684769176,0.514469351,0.778607855,0.6538985,80.71437919,87.42841281,94.09747286,74.56273024,74.87585744,4.968939854,4.821666253,4.551236267,5.186964823,5.094458867
1993/1/3 15:00,2,2,2,2,2,90.40541656,100.8325239,107.5400379,83.28092109,81.2758084,0.626579376,0.64081424,0.48952748,0.722999749,0.611987979,82.63206931,88.63148048,95.32251437,76.639258,77.43580965,5.093370903,4.941978518,4.65228403,5.325451147,5.222040755
1993/1/3 18:00,2,2,2,2,2,67.0597603,87.03844733,86.05511809,62.6639679,49.28739422,0.58904703,0.601357017,0.465403375,0.675978189,0.576210704,84.48407132,89.73566588,96.52558204,78.61690348,79.95181418,5.201206452,5.049568943,4.728251594,5.454123479,5.329812921
1993/1/3 21:00,2.157371848,2.157371848,2.157371848,2.157371848,2.157371848,39.45465508,54.53364796,47.43060494,40.12979738,26.15993008,0.561636605,0.569464133,0.442301478,0.643880863,0.552904366,86.00846502,90.77392976,97.65723474,80.20451333,81.90748583,5.240618471,5.123355619,4.791860798,5.491198558,5.33889995
1993/1/4 0:00,2.550590514,2.550590514,2.550590514,2.550590514,2.550590514,33.83654563,43.41488611,38.19609966,34.72972677,25.3853523,0.534658645,0.54043343,0.418177374,0.614236836,0.527758053,87.09461794,91.71331136,98.81635473,81.18234915,83.12703388,5.299742971,5.186601342,4.857832629,5.547356398,5.394512568
1993/1/4 3:00,4.183798084,4.183798084,4.183798084,4.183798084,4.183798084,27.46908677,34.66380526,29.0000486,29.29669541,21.0949605,0.53510686,0.547997768,0.434123816,0.607081381,0.522238131,84.92140222,87.77450077,93.25697353,80.53412091,82.49528602,5.091898577,4.904358218,4.503075013,5.407234409,5.250937508
1993/1/4 6:00,4.693463479,4.693463479,4.693463479,4.693463479,4.693463479,27.17239671,30.95572015,25.55015609,29.75265254,23.7757687,0.550444393,0.567010834,0.450479141,0.623436706,0.534095742,79.94305804,80.95711731,84.98931671,76.99633288,79.11680831,4.81293148,4.6239325,4.24009639,5.11717644,4.973419639
1993/1/4 9:00,4.552124152,4.552124152,4.552124152,4.552124152,4.552124152,33.75654346,34.28475656,29.08245049,37.07543394,33.20803851,0.607083507,0.63038772,0.505473922,0.683746969,0.58479725,68.26750092,66.70708289,66.9652755,68.50344421,69.64608382,4.469409288,4.320243987,3.972937734,4.738974288,4.595399228
1993/1/4 12:00,4.613722784,4.613722784,4.613722784,4.613722784,4.613722784,41.45855995,40.41545727,35.26259233,45.16729966,42.28323347,0.653113442,0.669231617,0.483598675,0.771861284,0.636316525,65.94316355,64.61956821,66.39944915,65.11397959,67.13007929,4.451263631,4.322606614,4.117239757,4.621206391,4.561413739
1993/1/4 15:00,4.90694915,4.90694915,4.90694915,4.90694915,4.90694915,50.97689216,48.67762023,42.83257941,55.45654915,52.91307744,0.779827614,0.721159775,0.486460857,0.950747654,0.828082714,65.74058815,65.27878338,66.82244555,64.84480006,66.16323038,4.462093619,4.3556834,4.159948793,4.619752466,4.552871932
1993/1/4 18:00,5.292151555,5.292151555,5.292151555,5.292151555,5.292151555,53.84114552,51.25405269,44.10706199,59.23055576,56.03885584,0.942805254,0.785149986,0.542682288,1.144967143,1.077910309,66.53372893,67.13557275,67.9046571,65.86658356,66.01490697,4.667891669,4.478176553,4.269901846,4.855833482,4.831661985
1993/1/4 21:00,5.421677446,5.421677446,5.421677446,5.421677446,5.421677446,56.76204737,56.4783326,50.91345821,60.51602527,56.93978319,1.061472456,0.854455677,0.626707771,1.267018758,1.240032471,67.36469349,69.33845008,70.11852135,66.32803417,65.64135171,4.940930906,4.685179076,4.512707263,5.122628657,5.163156807
1993/1/5 0:00,5.336030033,5.336030033,5.336030033,5.336030033,5.336030033,56.07271626,57.54955718,54.76437326,57.52758335,54.73690596,1.093478847,0.876126483,0.68395141,1.278058602,1.281738551,67.59523103,70.7667496,72.17307528,65.82812934,64.82831968,5.188154983,4.922895757,4.78640858,5.348532201,5.419229287
1993/1/5 3:00,6.227522566,6.227522566,6.227522566,6.227522566,6.227522566,64.65186568,67.33890186,69.11878271,62.76285017,62.31787996,1.138222848,0.918037004,0.73485736,1.317515825,1.329168994,67.66097034,71.29961519,73.47502522,65.25680954,64.4987121,5.246532325,5.001407689,4.888728528,5.385970761,5.460120918
1993/1/5 6:00,5.330545223,5.330545223,5.330545223,5.330545223,5.330545223,66.75155215,71.51393102,76.41959028,62.24097152,62.64199406,1.124158659,0.951974304,0.749986036,1.303613798,1.272334239,67.97749337,71.75557234,74.95825933,64.85578698,64.70746357,5.331970391,5.083190951,4.992138919,5.457940031,5.549173803
1993/1/5 9:00,4.419222993,4.419222993,4.419222993,4.419222993,4.419222993,64.81648094,69.56375293,73.16196884,61.18073386,60.69730943,1.079579701,0.957494226,0.729950763,1.262521043,1.183606599,68.74536251,72.65100627,76.52389534,65.1524338,65.36667873,5.402218525,5.176060388,5.095912791,5.515006574,5.599697685
1993/1/5 12:00,4.424707803,4.424707803,4.424707803,4.424707803,4.424707803,61.9167658,65.63592944,67.49821219,59.70848673,58.6702229,1.041406655,0.954427603,0.699897852,1.232877016,1.114300908,69.60731558,73.71673745,78.17742671,65.56444328,66.06434811,5.415362073,5.240578295,5.169335987,5.508645654,5.567893083
1993/1/5 15:00,4.331887946,4.331887946,4.331887946,4.331887946,4.331887946,59.2510484,63.31219611,64.33947302,57.51110297,55.68727444,1.009220079,0.950543213,0.676795955,1.206095171,1.056852827,70.50786131,74.90332474,79.9353338,66.01490697,66.71806981,5.374759152,5.226220789,5.129534799,5.477931495,5.503920398
1993/1/5 18:00,4.282102751,4.282102751,4.282102751,4.282102751,4.282102751,55.49172068,59.08223236,58.88996128,54.67098445,52.3362642,0.978079748,0.939503368,0.653489617,1.177882235,1.007786851,71.3919147,76.10639241,81.78662972,66.38296877,67.3333373,5.329272518,5.210591099,5.092823202,5.438493789,5.431951128
1993/1/5 21:00,4.482087351,4.482087351,4.482087351,4.482087351,4.482087351,54.15593498,57.23093654,56.2750746,53.97880856,51.44083031,0.961083617,0.940116693,0.635294317,1.168682364,0.975076201,72.00197936,76.88097022,83.29733113,66.45987721,67.81126829,5.261324383,5.163520288,5.025579186,5.378337656,5.345442611
1993/1/6 0:00,4.591361637,4.591361637,4.591361637,4.591361637,4.591361637,56.78968176,59.66453906,57.0606393,57.75830864,54.22601424,0.932840307,0.924988017,0.61873455,1.138016129,0.935210095,73.16672113,78.19390709,84.8409933,67.43221957,68.84953217,5.225918374,5.143165343,4.97687271,5.357982711,5.296190913
1993/1/6 3:00,4.976142134,4.976142134,4.976142134,4.976142134,4.976142134,64.43787407,66.36655955,64.89980588,64.90529934,62.71890249,0.905661103,0.903726094,0.611987979,1.099581115,0.903112769,74.91450243,79.74306272,85.89573756,69.56368193,70.76125614,5.161814303,5.091369277,4.887274603,5.315455415,5.220950312
1993/1/6 6:00,4.104057389,4.104057389,4.104057389,4.104057389,4.104057389,78.87668729,80.5451783,85.80241896,74.93635623,77.50180178,0.851342566,0.854660118,0.597063744,1.021279995,0.844642481,77.46796965,81.79212318,88.016213,72.19504911,73.76617858,5.183062206,5.09554931,4.866556177,5.357982711,5.256571466
1993/1/6 9:00,3.085570415,3.085570415,3.085570415,3.085570415,3.085570415,79.22999812,83.18203882,87.04943425,75.6175452,75.8208032,0.79293417,0.801505311,0.571099665,0.943387758,0.782083362,80.39922151,84.1872716,90.51024369,75.20546502,77.16663013,5.249603184,5.141529678,4.924713163,5.421773655,5.341444318
1993/1/6 12:00,2.806267028,2.806267028,2.806267028,2.806267028,2.806267028,69.97516467,73.82118397,73.75526246,69.00891352,66.59179138,0.745909323,0.754688192,0.544726703,0.882873054,0.735061802,83.16837204,86.43959007,92.87792481,78.03459676,80.39129096,5.282534024,5.174424723,4.977417932,5.441765119,5.374521104
1993/1/6 15:00,2.914697497,2.914697497,2.914697497,2.914697497,2.914697497,63.75436166,66.73462133,65.52606026,63.76815324,61.1203058,0.707612402,0.716048736,0.522238131,0.833807078,0.697444553,85.68877737,88.39526171,95.05333485,80.55060129,83.41818724,5.289231643,5.178241275,4.993774584,5.440674676,5.384153355
1993/1/6 18:00,3.137887062,3.137887062,3.137887062,3.137887062,3.137887062,53.45867126,56.24211384,53.05590738,54.83578823,50.9683928,0.679834541,0.692333514,0.503429507,0.801709752,0.666164994,87.7863407,89.81806777,96.99252611,82.4842991,86.11547595,5.263156626,5.132079167,4.980507522,5.39832912,5.375975029
1993/1/6 21:00,3.524777101,3.524777101,3.524777101,3.524777101,3.524777101,48.29986705,50.45750108,45.97483819,50.70470675,46.33740652,0.671622178,0.694582372,0.495660727,0.79741648,0.648583019,88.6557041,89.95540426,97.9483881,82.99519085,87.6481512,5.146173094,4.968330903,4.841839458,5.276926411,5.300552687
1993/1/7 0:00,3.98761066,3.98761066,3.98761066,3.98761066,3.98761066,47.40607144,49.09512314,43.61265065,50.59483756,45.84299517,0.6770149,0.706644424,0.487074181,0.814794013,0.647765253,87.84698864,89.09293109,97.82753199,81.68774744,86.91752106,5.021364553,4.860922219,4.759147493,5.131170464,5.160794179
1993/1/7 3:00,4.623848587,4.623848587,4.623848587,4.623848587,4.623848587,48.15007624,49.34232882,44.21693118,51.23207886,47.0295824,0.687118706,0.721364217,0.490140805,0.83135378,0.653694058,86.4717612,87.42291935,95.58620044,80.76484622,85.79685528,4.918613503,4.761873602,4.627567311,5.048841981,5.054475939
1993/1/7 6:00,4.601487439,4.601487439,4.601487439,4.601487439,4.601487439,53.11669072,55.55543142,54.11614505,53.42946262,50.95191243,0.688053705,0.726066373,0.497705143,0.829309364,0.651445201,85.76259321,85.85178988,93.38881656,80.70441816,85.82981604,4.871333459,4.698446138,4.515978594,5.037755805,5.02067219
1993/1/7 9:00,4.240333815,4.240333815,4.240333815,4.240333815,4.240333815,60.73459579,63.33966341,63.13640541,60.1864177,58.43949761,0.6979696,0.729746321,0.491571896,0.847504663,0.666573877,85.68562286,86.43409661,94.00408405,80.42974518,85.17609434,4.835399019,4.715893234,4.549418861,4.977054451,4.938161966
1993/1/7 12:00,4.097728762,4.097728762,4.097728762,4.097728762,4.097728762,63.55171188,65.29533496,65.00418161,63.27923535,62.02123315,0.732315352,0.748759387,0.484620883,0.903112769,0.71400432,85.56779083,87.90085034,95.71255001,79.72108888,83.68187331,4.806517431,4.764963191,4.627749052,4.908538251,4.840930755
1993/1/7 15:00,4.373234974,4.373234974,4.373234974,4.373234974,4.373234974,68.58818936,70.44819989,69.82194552,68.50900872,66.94886624,0.792434886,0.781470037,0.496274052,0.984276071,0.798029804,85.36662268,88.97756844,96.41021939,79.45190935,82.33597569,4.790175284,4.794405166,4.639925671,4.891454637,4.784227693
1993/1/7 18:00,4.673633783,4.673633783,4.673633783,4.673633783,4.673633783,68.58559486,70.79978129,67.5091991,70.1900073,66.58629792,0.850054866,0.81438513,0.52469143,1.051537347,0.87714869,85.68515402,90.14767535,96.54755588,80.24846101,81.87452507,4.826424758,4.842021198,4.659371913,4.943432443,4.810034856
1993/1/7 21:00,4.848725785,4.848725785,4.848725785,4.848725785,4.848725785,66.21194837,69.88237357,66.0754062,67.77288516,62.92765395,0.888591131,0.842393624,0.562717561,1.086087971,0.925192459,85.78068974,90.94972047,96.42669977,80.78682006,81.31968564,4.879598561,4.872553616,4.659190173,5.022853077,4.882731089
1993/1/8 0:00,5.603941892,5.603941892,5.603941892,5.603941892,5.603941892,59.30789081,61.7026125,57.62097216,61.3784984,57.14853465,0.963370855,0.865086638,0.601970342,1.163571325,1.046017424,83.21277064,90.04329962,94.97642641,78.15545287,77.27100586,4.908298832,4.908719992,4.682998189,5.057747269,4.904721699
1993/1/8 3:00,6.826632551,6.826632551,6.826632551,6.826632551,6.826632551,66.45327469,70.06365773,69.86039973,65.6414229,63.27374189,1.087102711,0.9593342,0.683338085,1.303613798,1.19546421,80.15178583,86.75821073,90.82886435,75.72734369,74.39243299,4.923832218,4.863648328,4.616299395,5.103727637,4.973056158
1993/1/8 6:00,5.985347122,5.985347122,5.985347122,5.985347122,5.985347122,73.70784897,80.08372771,85.20363188,68.6463452,68.16841423,1.112880289,1.009831267,0.739559516,1.319355799,1.199348599,80.2678136,86.03856751,89.73566588,76.30415696,75.24391924,5.073428823,4.975055304,4.708987092,5.275654227,5.156068924
1993/1/8 9:00,4.849147694,4.849147694,4.849147694,4.849147694,4.849147694,72.87528253,78.52358523,83.92365584,67.81133937,67.98713007,1.084613001,1.014533423,0.741808373,1.283782966,1.142309402,81.83260682,86.78018457,90.93324009,77.78189761,77.54018538,5.236675097,5.146073192,4.913263506,5.414867513,5.312911047
1993/1/8 12:00,4.15510831,4.15510831,4.15510831,4.15510831,4.15510831,66.78743536,72.50275371,76.18886498,62.84525206,61.81248169,1.050962137,1.011875683,0.724839723,1.251276757,1.081385815,83.18127967,87.41193243,92.37801998,78.77072035,79.53980471,5.365575713,5.284196035,5.099184122,5.509554356,5.434495496
1993/1/8 15:00,3.95765516,3.95765516,3.95765516,3.95765516,3.95765516,62.6170847,69.39345568,71.71718902,59.3074642,56.6815906,1.022568744,1.000631397,0.70746219,1.22285938,1.037430879,84.24358309,88.18651025,93.89421485,79.41345514,80.86922195,5.432351872,5.370522811,5.202049291,5.560259979,5.484292416
1993/1/8 18:00,3.806611939,3.806611939,3.806611939,3.806611939,3.806611939,59.44668224,66.20724922,66.56432408,57.42870108,53.51186451,0.991429621,0.976098409,0.689675774,1.185242131,1.000835838,85.36899555,89.21928067,95.25659286,80.33635636,82.08877,5.478036843,5.429043279,5.256389726,5.605331643,5.518641386
1993/1/8 21:00,3.874117289,3.874117289,3.874117289,3.874117289,3.874117289,52.77647533,58.33512188,55.95096049,52.8911036,47.85909477,0.960536601,0.950543213,0.671684916,1.148033766,0.965263006,86.49408538,90.13668843,96.45966053,81.31968564,83.40720032,5.507980313,5.457031328,5.282923851,5.636772764,5.550264247
1993/1/9 0:00,4.00111173,4.00111173,4.00111173,4.00111173,4.00111173,40.41341988,45.67819139,43.29403,40.59674143,35.76249714,0.934009945,0.924988017,0.652467409,1.11716309,0.937867836,86.35217393,89.87849583,97.16282336,80.56708167,83.38522648,5.520148045,5.468662725,5.298553541,5.646405015,5.562986088
1993/1/9 3:00,3.842474156,3.842474156,3.842474156,3.842474156,3.842474156,45.55903618,51.35842842,52.18794079,43.48080762,40.47588532,0.904676773,0.899432821,0.631614369,1.083634673,0.905361627,86.97141345,90.01033886,97.8934535,80.90767617,84.45095766,5.547238268,5.485201118,5.323633741,5.670758253,5.599334204
1993/1/9 6:00,2.733698777,2.733698777,2.733698777,2.733698777,2.733698777,51.91552305,55.06651353,59.58213717,48.11728737,49.18851195,0.860786462,0.860997807,0.606468056,1.029457658,0.856908975,88.76326993,90.59813905,98.76691359,82.83038706,87.30206324,5.647333416,5.549900766,5.389423832,5.77925738,5.730732645
1993/1/9 9:00,2.067927259,2.067927259,2.067927259,2.067927259,2.067927259,68.72310235,69.62418098,77.83140935,63.05400352,68.04206467,0.817644669,0.820722818,0.581935068,0.975076201,0.811522948,91.12042859,91.75725904,99.82715131,85.5771169,90.70251478,5.756476891,5.620961333,5.453578257,5.902840976,5.873399002
1993/1/9 12:00,2,2,2,2,2,68.90345059,69.96477546,76.85357357,64.07029351,68.05854505,0.779118505,0.780652271,0.559446496,0.9253969,0.774519024,93.42032942,93.27345391,100.9313367,88.36779442,93.67447647,5.856332203,5.699291524,5.509554356,6.023516723,5.99153038
1993/1/9 15:00,2,2,2,2,2,74.80679673,80.77590359,90.83992124,66.66320635,69.61319406,0.744320067,0.742830581,0.538797898,0.880010872,0.74262614,95.57371144,94.88853106,102.0794698,90.9716943,96.29485674,5.956821036,5.785800041,5.562622606,6.149826427,6.10384606
1993/1/9 18:00,2,2,2,2,2,67.699818,77.5127887,79.23773496,64.004372,59.07124544,0.714804378,0.710528814,0.519989274,0.842189183,0.715844294,97.52954768,96.4761409,103.2495767,93.31190813,98.55816212,6.047595605,5.867583303,5.613146488,6.263777772,6.201985974
1993/1/9 21:00,2,2,2,2,2,38.4097632,48.18320888,37.69619486,42.72271022,29.7306787,0.690473181,0.681906994,0.503020624,0.811318506,0.695400138,99.23480401,97.96486848,104.3812294,95.31152745,100.4479123,6.120176146,5.95100223,5.661671224,6.356283729,6.264868216
1993/1/10 0:00,2.469162185,2.469162185,2.469162185,2.469162185,2.469162185,34.596402,42.67326909,36.83372173,36.28986924,27.46187996,0.669958039,0.656965123,0.485029766,0.787398843,0.678840371,100.5691601,99.3107661,105.6117644,96.71785313,101.771836,6.180244556,6.040600337,5.742727523,6.414440715,6.298671964
1993/1/10 3:00,2.842129246,2.842129246,2.842129246,2.842129246,2.842129246,46.01890363,52.97899895,55.11595466,42.78863173,39.91555246,0.654441431,0.640405356,0.471945506,0.769816868,0.66432502,101.5934,100.2336673,106.551146,97.75611701,102.8870084,6.221957953,6.07585801,5.781256527,6.455877568,6.345924515
1993/1/10 6:00,2.061598632,2.061598632,2.061598632,2.061598632,2.061598632,42.73798699,35.61417374,30.72499486,47.7876798,48.99074741,0.641750356,0.627525538,0.460292336,0.756323725,0.651854084,102.4540105,100.9093629,107.4026322,98.5471752,103.9142853,6.258377448,6.099302545,5.818513346,6.486409985,6.39408577
1993/1/10 9:00,2,2,2,2,2,65.35529211,62.40577531,68.7012798,61.96080509,68.03657121,0.63061978,0.61607681,0.450070258,0.744466114,0.641018681,103.2238437,101.4971631,108.1607296,99.25033804,104.8481735,6.29466507,6.127835817,5.852680576,6.521122437,6.437158288
1993/1/10 12:00,2,2,2,2,2,73.97369777,68.75621439,72.50275371,72.85982858,78.61697404,0.622345375,0.608512472,0.441279271,0.736901776,0.632023252,103.8440834,101.9201594,108.8199448,99.77221671,105.6392317,6.319787196,6.138013289,5.882849512,6.536752127,6.475869032
1993/1/10 15:00,2,2,2,2,2,65.80156243,57.98354048,52.79222133,71.26123189,72.63459674,0.614674319,0.6017659,0.433510491,0.729541879,0.623641148,104.4445096,102.453025,109.3747842,100.3710038,106.3039403,6.349520137,6.155823867,5.908838415,6.564376695,6.5160337
1993/1/10 18:00,2,2,2,2,2,37.39943744,35.04834742,23.5175761,45.78806057,39.1794289,0.606239177,0.590930497,0.427377244,0.718706476,0.617303459,104.9385819,103.0573056,109.7758068,100.9752844,106.6939759,6.385191511,6.206347748,5.917925445,6.623442384,6.538206051
1993/1/10 21:00,3.288930283,3.288930283,3.288930283,3.288930283,3.288930283,27.05886988,28.97807476,20.3917977,32.27415041,25.22054852,0.616099721,0.606468056,0.457021271,0.717684269,0.622414499,102.4372016,98.72296591,103.1836552,100.4643926,105.7600878,6.157745574,5.864311973,5.372158476,6.561287105,6.408443276
1993/1/11 0:00,4.204893506,4.204893506,4.204893506,4.204893506,4.204893506,35.06427483,37.40504151,28.66494758,40.26713386,32.85645711,0.643832415,0.635294317,0.491571896,0.741195049,0.649400785,96.52056549,91.32327572,92.87243135,96.87716346,101.0961405,5.839147257,5.554807761,4.99868158,6.282678793,6.080946747
1993/1/11 3:00,4.950827628,4.950827628,4.950827628,4.950827628,4.950827628,38.95766997,38.72896523,29.99436475,44.83219864,39.00913166,0.72857269,0.731586295,0.604423641,0.812136272,0.724021957,83.39735402,75.81523904,70.97000761,88.34582058,90.23557071,5.404547998,5.209500655,4.674456382,5.81051676,5.568256564
1993/1/11 6:00,5.062633364,5.062633364,5.062633364,5.062633364,5.062633364,46.00456165,44.06860778,36.89414978,51.25954615,47.6118891,0.764777817,0.742217257,0.588272757,0.872855418,0.782287804,79.27263516,73.70575053,69.3219697,83.49509568,84.24220619,5.26734424,5.149708004,4.720255008,5.583159292,5.364343631
1993/1/11 9:00,4.823833187,4.823833187,4.823833187,4.823833187,4.823833187,46.33496064,45.44746609,38.76741944,50.99036664,47.02408894,0.803374506,0.760412556,0.57825512,0.935414537,0.838509234,77.81402494,74.04634503,71.07438334,80.6989247,81.15488185,5.198422517,5.101365009,4.759692715,5.450488667,5.278743817
1993/1/11 12:00,5.460914931,5.460914931,5.460914931,5.460914931,5.460914931,47.57768477,47.48553953,41.75586136,51.4023761,47.57343488,0.877867926,0.800891986,0.583979484,1.041928593,0.94236555,75.19610365,73.96943659,72.63452589,76.38655885,76.2711962,5.102077908,5.021762634,4.751150907,5.302551833,5.168790765
1993/1/11 15:00,5.92627994,5.92627994,5.92627994,5.92627994,5.92627994,54.94458888,55.10496774,49.52361298,58.59880793,54.72591904,0.999831094,0.876739807,0.625072239,1.199144158,1.104283271,72.60703399,73.59588133,72.76087546,72.90370541,71.72261158,5.034769814,4.931074083,4.671185051,5.234399115,5.122083435
1993/1/11 18:00,6.089980415,6.089980415,6.089980415,6.089980415,6.089980415,58.65723606,59.39535955,52.27583614,63.16936617,57.91761896,1.113022066,0.955245369,0.683746969,1.334688916,1.247596809,72.29352981,74.95276587,73.91999545,72.28843793,69.93174373,5.12852346,4.988140626,4.728615075,5.337627766,5.248029659
1993/1/11 21:00,6.171408744,6.171408744,6.171408744,6.171408744,6.171408744,54.22658624,56.08280352,47.50201991,59.41733338,52.47909414,1.174682692,1.005742436,0.743239464,1.393159204,1.319355799,72.28521055,76.21076814,75.07362199,72.01376494,68.81107795,5.264824292,5.104636339,4.838204646,5.483565453,5.401782191
1993/1/12 0:00,6.642258562,6.642258562,6.642258562,6.642258562,6.642258562,54.61422666,56.26958114,50.90796475,57.73084134,53.08337468,1.237322188,1.047652957,0.797007596,1.453469467,1.400314659,71.26659909,75.88665402,75.1120762,70.57447851,67.18501389,5.357889387,5.185510898,4.918170502,5.580433183,5.505556064
1993/1/12 3:00,7.292841376,7.292841376,7.292841376,7.292841376,7.292841376,63.08569052,64.44934221,62.54311179,63.98789162,61.86192282,1.335361363,1.134949506,0.872037651,1.562436822,1.507646482,70.44682822,74.72753403,74.43638066,69.51973425,66.67412213,5.370905568,5.180058681,4.912536544,5.598607242,5.534634557
1993/1/12 6:00,6.641414746,6.641414746,6.641414746,6.641414746,6.641414746,72.42657831,76.51847255,79.24322842,69.54727255,68.86608358,1.335743601,1.175837819,0.900455029,1.560392406,1.472278091,72.22550845,76.29317004,76.94139828,70.73378884,68.65176762,5.490788167,5.300916168,5.042117579,5.712376846,5.653856379
1993/1/12 9:00,5.612801969,5.612801969,5.612801969,5.612801969,5.612801969,77.05630549,81.44610564,83.78631935,74.35404954,73.22789036,1.275089941,1.16806904,0.879193106,1.494766663,1.364946268,74.91832792,78.82016149,80.23747409,72.95314655,71.50836665,5.601193731,5.434677237,5.200595367,5.800157547,5.744181448
1993/1/12 12:00,5.085838328,5.085838328,5.085838328,5.085838328,5.085838328,77.48977003,82.66016017,81.61640288,76.83159973,72.92025663,1.208615271,1.144762701,0.842189183,1.426074297,1.260272186,78.07245282,82.00087465,83.67088639,75.93609516,74.63963867,5.67145546,5.521004013,5.314183231,5.848137061,5.800702769
1993/1/12 15:00,4.697260655,4.697260655,4.697260655,4.697260655,4.697260655,77.51506496,84.2532634,82.01742542,77.23811573,71.54689177,1.145658321,1.101625531,0.809887415,1.350635359,1.180131092,81.3655927,85.50020846,87.54377546,78.93003068,77.75443031,5.691809159,5.572800079,5.359073154,5.864675454,5.793433146
1993/1/12 18:00,4.255944427,4.255944427,4.255944427,4.255944427,4.255944427,70.99248729,79.2047742,75.33188531,71.40406183,63.71321865,1.08200587,1.041315268,0.775950115,1.26865429,1.113892025,84.2875525,88.6150001,91.3672234,81.3251791,80.52313399,5.709660346,5.634591877,5.401055229,5.884121696,5.772351238
1993/1/12 21:00,4.565625222,4.565625222,4.565625222,4.565625222,4.565625222,65.21997313,72.90926971,69.81645206,65.24589382,58.41752377,1.037120015,0.992044851,0.748554945,1.210388444,1.073208153,86.05446542,90.86731857,94.39411969,82.4568318,81.86903161,5.664784237,5.624596145,5.361617523,5.849590986,5.696383675
1993/1/13 0:00,4.925091213,4.925091213,4.925091213,4.925091213,4.925091213,63.65222906,68.00910391,66.58629792,63.45502606,59.79638208,1.014580821,0.957698668,0.723817516,1.184628807,1.0611461,86.05071288,91.53752065,95.94876878,81.67676052,81.29771181,5.585720736,5.577707075,5.313819749,5.762718987,5.588974991
1993/1/13 3:00,5.870166118,5.870166118,5.870166118,5.870166118,5.870166118,75.23867625,79.13885269,79.66622479,73.86513165,71.81607129,1.012693844,0.958311992,0.718297593,1.186059898,1.057057269,86.67767952,91.83966093,96.6134774,82.14919806,82.21511957,5.442971183,5.430315463,5.174061242,5.616054338,5.450488667
1993/1/13 6:00,4.830161814,4.830161814,4.830161814,4.830161814,4.830161814,82.57641943,89.25780493,94.99847002,77.02387081,76.77666514,0.969298379,0.931530147,0.706235541,1.128611817,0.999200306,88.68587077,93.09216974,98.08023113,84.22023236,84.88494098,5.460494162,5.411232702,5.116267737,5.668940847,5.499558624
1993/1/13 9:00,3.483851983,3.483851983,3.483851983,3.483851983,3.483851983,78.81302897,85.18165804,90.95528389,73.32127917,73.28831841,0.907928439,0.88491747,0.676387072,1.052150671,0.925192459,91.09124908,94.44905428,99.84912515,86.62087424,88.22496446,5.573026149,5.49192552,5.175515166,5.80415584,5.639680613
1993/1/13 12:00,2.881788639,2.881788639,2.881788639,2.881788639,2.881788639,74.25516328,79.46296679,82.7370686,70.72836632,69.71207633,0.858247509,0.84443804,0.643676421,0.995111474,0.867335495,93.31389968,95.66860233,101.5575911,88.77980389,91.3397561,5.661343008,5.565348715,5.257480169,5.890664357,5.741273599
1993/1/13 15:00,2.661552434,2.661552434,2.661552434,2.661552434,2.661552434,73.6844572,78.23243188,80.50123062,70.99205237,69.71207633,0.815118808,0.806820792,0.614645719,0.944614407,0.81970061,95.47570602,96.92111114,103.1671748,90.94972047,94.30073087,5.741234954,5.633683174,5.311457122,5.982988573,5.831235187
1993/1/13 18:00,2.207578952,2.207578952,2.207578952,2.207578952,2.207578952,63.46469229,65.89412204,62.24646498,65.24589382,61.27412267,0.776309941,0.767976894,0.587659432,0.898206172,0.780856713,97.57448127,98.28348914,104.6668893,93.1525978,97.04746071,5.819657224,5.723826503,5.354347899,6.089852035,5.898479202
1993/1/13 21:00,2.357778357,2.357778357,2.357778357,2.357778357,2.357778357,33.75786041,35.68009525,28.78031022,37.83353134,31.96102323,0.743132424,0.731995178,0.562717561,0.858135625,0.750599361,99.32410681,99.54698487,106.0237738,94.96543949,99.22836421,5.89241149,5.825782969,5.39523953,6.195443313,5.94464131
1993/1/14 0:00,2.986000024,2.986000024,2.986000024,2.986000024,2.986000024,32.81098909,34.57041645,28.84073828,36.15253276,31.17545853,0.720143993,0.706439982,0.542682288,0.832375987,0.729746321,100.3076464,100.3050823,106.9082208,95.92130148,100.4149515,5.909191617,5.86649286,5.400146526,6.229610543,5.939916055
1993/1/14 3:00,4.279993208,4.279993208,4.279993208,4.279993208,4.279993208,27.5339155,27.47836034,18.85362906,33.2904404,27.43441267,0.71637778,0.710528814,0.558833171,0.818473961,0.719319801,98.39472541,95.98722299,100.5028469,96.03117067,100.5797553,5.771833481,5.647677199,5.056111604,6.196533757,5.872490299
1993/1/14 6:00,5.407754468,5.407754468,5.407754468,5.407754468,5.407754468,17.5927509,16.63427146,8.262239306,23.45714805,18.25484198,0.737404425,0.75836814,0.634067668,0.814180688,0.717275385,89.08935116,77.62808074,73.19485878,94.87205068,99.26132496,5.571579287,5.336719063,4.601941889,6.120747934,5.767080761
1993/1/14 9:00,6.688668491,6.688668491,6.688668491,6.688668491,6.688668491,4.334466073,7.668945689,4.84530755,5.323238519,1.367947739,0.801545412,0.843006949,0.744874997,0.855682326,0.763683621,75.33904113,61.70803458,51.56710801,85.2090551,87.58772314,5.259602404,5.112269444,4.397847215,5.771806016,5.378882878
1993/1/14 12:00,7.350220924,7.350220924,7.350220924,7.350220924,7.350220924,8.646862829,12.10216744,10.51455767,8.784117951,5.59241803,0.939913982,0.986524929,0.844846923,1.021688878,0.896775081,50.94806239,44.46406464,38.19053369,56.70349281,56.65954514,4.83751132,4.797131274,4.36495217,5.134623535,4.866737917
1993/1/14 15:00,6.654915816,6.654915816,6.654915816,6.654915816,6.654915816,17.30352732,15.93660211,11.75058604,20.44673229,18.43612614,1.098919303,1.100398881,0.87060656,1.250663433,1.094470076,39.9917792,37.37750166,34.69119987,42.4259911,42.28316115,4.749508099,4.75205961,4.411477759,4.974691823,4.742245619
1993/1/14 18:00,6.936328745,6.936328745,6.936328745,6.936328745,6.936328745,18.07758608,14.14024088,8.98188249,22.54523379,21.45203536,1.203510329,1.138425013,0.896366198,1.381097152,1.257205563,39.94536692,35.65255532,32.48282908,43.12915394,43.71695413,4.905641905,4.837659424,4.450370244,5.180058681,4.959970836
1993/1/14 21:00,7.202131062,7.202131062,7.202131062,7.202131062,7.202131062,17.89846203,13.50849305,9.619123782,21.63331952,21.69924104,1.337067677,1.213455067,0.961787499,1.536472743,1.442020739,39.30864804,33.70237713,30.95015383,42.56332759,44.2388328,5.113937918,4.934163673,4.558869371,5.409960517,5.266567198
1993/1/15 0:00,7.167956478,7.167956478,7.167956478,7.167956478,7.167956478,15.77874487,11.67917106,6.460384618,20.3368631,19.28761235,1.39230276,1.243303536,0.996747007,1.595147472,1.519504093,40.67445861,34.38356613,31.66979705,44.07952247,46.21098482,5.388067625,5.123719101,4.762782304,5.696928897,5.615145635
1993/1/15 3:00,8.05185466,8.05185466,8.05185466,8.05185466,8.05185466,14.2665513,11.09686436,7.37779234,17.57365302,16.99134632,1.485706354,1.343071021,1.091199011,1.690212801,1.607413966,38.52698157,32.37845335,29.6866581,41.88213859,43.93669251,5.483650604,5.191508338,4.835478537,5.796522736,5.735276159
1993/1/15 6:00,8.472075466,8.472075466,8.472075466,8.472075466,8.472075466,12.4676375,10.21791086,7.267923152,15.01919439,14.39843347,1.599053427,1.486589,1.204868522,1.815535481,1.693688307,34.71265832,28.81319801,26.79709831,37.5752662,39.89350619,5.537213883,5.258388872,4.907629548,5.843230065,5.777076493
1993/1/15 9:00,8.602445173,8.602445173,8.602445173,8.602445173,8.602445173,16.35432848,15.15103741,12.27246468,18.57895609,17.37039502,1.705831521,1.601689602,1.271107589,1.952306889,1.792638026,32.60435658,27.60463688,26.03350741,34.94939248,36.98746602,5.622315995,5.375066326,5.007223387,5.931192507,5.834324777
1993/1/15 12:00,8.664043806,8.664043806,8.664043806,8.664043806,8.664043806,21.82481146,19.94682748,16.47496113,24.62725491,23.41869383,1.824974942,1.692052775,1.31301811,2.111157986,1.936360447,33.08528123,28.87362607,27.12670589,35.33942811,36.77322109,5.750706453,5.496105553,5.097184976,6.082218931,5.968631067
1993/1/15 15:00,8.396553855,8.396553855,8.396553855,8.396553855,8.396553855,21.40954581,19.10083473,14.60718493,25.00630361,23.36375924,1.879895215,1.72926114,1.336733332,2.179645911,2.006688346,34.78715644,30.62054625,28.60444654,37.20720441,38.43224591,5.930056921,5.647313718,5.209864136,6.294491931,6.172180519
1993/1/15 18:00,8.601179448,8.601179448,8.601179448,8.601179448,8.601179448,17.92250431,17.58463993,13.3931304,20.79282023,18.15595971,1.890041042,1.744594257,1.352475333,2.188232457,2.012208268,34.8968819,31.09847724,28.96701488,37.29509976,38.21800099,6.029079564,5.732004829,5.280197742,6.40680761,6.283587496
1993/1/15 21:00,8.680076326,8.680076326,8.680076326,8.680076326,8.680076326,17.82880447,17.54069226,13.49750613,20.58406878,18.02411669,1.911224421,1.775873817,1.366990684,2.217876484,2.02427032,33.67742512,30.52715743,28.51655119,35.82285257,36.43262659,6.048071721,5.758357213,5.298917022,6.428979961,6.295945855
1993/1/16 0:00,8.345081025,8.345081025,8.345081025,8.345081025,8.345081025,12.56447083,11.25617469,8.328160819,14.85988406,13.66230991,1.870714629,1.760745141,1.33387115,2.182712535,1.961097876,32.25132473,28.84615877,27.29150968,34.16382774,35.23505238,6.09293155,5.797067957,5.334356435,6.477686438,6.346106256
1993/1/16 3:00,8.559410513,8.559410513,8.559410513,8.559410513,8.559410513,16.16925825,14.8543906,12.02525901,18.39217847,17.28249967,1.893565639,1.81144665,1.344502112,2.224623056,1.959053461,31.20676144,27.6430911,26.37410191,32.97724045,34.32863153,6.062835944,5.785618301,5.300370946,6.457513233,6.299398926
1993/1/16 6:00,8.574177308,8.574177308,8.574177308,8.574177308,8.574177308,18.06170924,17.66704183,15.32682811,19.72159565,18.37020463,1.91504451,1.832299689,1.34695541,2.258560356,1.980724267,30.84516762,27.71450608,26.14337661,32.70256747,33.58152102,6.065309096,5.828509078,5.298190059,6.479140362,6.265776919
1993/1/16 9:00,8.075059624,8.075059624,8.075059624,8.075059624,8.075059624,27.02967163,27.02789667,24.91840825,28.42872882,27.00042937,1.882924786,1.788753636,1.289098447,2.238933965,1.958440136,32.76068257,30.26347137,28.69783536,34.44399419,34.94389902,6.096876907,5.877760776,5.318363264,6.52530247,6.281406609
1993/1/16 12:00,7.949752817,7.949752817,7.949752817,7.949752817,7.949752817,36.1259761,35.67460179,32.51586263,38.33892961,36.47664687,1.839100605,1.724558984,1.212637301,2.208676613,1.932271615,36.67844486,34.6197849,32.89483856,38.35533748,38.47070013,6.097011126,5.881213847,5.304914461,6.536025164,6.278135278
1993/1/16 15:00,7.449369408,7.449369408,7.449369408,7.449369408,7.449369408,40.36277652,39.27281771,35.21864466,43.34347113,41.25595656,1.784430421,1.657093267,1.163980208,2.144890845,1.889134445,41.09802513,39.305706,37.67964194,42.64023603,42.65671641,6.085311883,5.863948492,5.276199449,6.533117315,6.271410877
1993/1/16 18:00,7.124078001,7.124078001,7.124078001,7.124078001,7.124078001,36.57082018,34.95495861,29.87350865,40.36601613,37.91593323,1.698109805,1.573681108,1.114709791,2.035105723,1.800815688,44.32318856,42.83800058,41.59647869,45.53528928,45.61219772,6.067690433,5.847410099,5.27038375,6.508037115,6.253055078
1993/1/16 21:00,7.300435728,7.300435728,7.300435728,7.300435728,7.300435728,29.68812189,27.91234364,22.58918146,33.68596948,31.16996507,1.632603329,1.530748379,1.086292413,1.953942422,1.715767996,45.29808753,43.89274484,42.86546788,46.34282786,46.52411202,5.974900054,5.750178887,5.198050999,6.400083209,6.164365674
1993/1/17 0:00,7.265417328,7.265417328,7.265417328,7.265417328,7.265417328,27.62150149,26.64335451,22.29253465,30.76344907,28.4177419,1.581857497,1.516233028,1.069323763,1.895472133,1.632969162,44.28914874,42.8489875,42.13483774,45.13976018,45.5462762,5.85347316,5.637681467,5.112632925,6.258325555,6.035511601
1993/1/17 3:00,6.950251723,6.950251723,6.950251723,6.950251723,6.950251723,31.47036446,29.1758393,24.82501944,34.96594553,33.41678997,1.530459782,1.491904481,1.038044203,1.84149956,1.557734666,44.74422196,43.05773897,42.57980797,45.50232852,46.22197174,5.765569513,5.581523627,5.064653411,6.156732569,5.91974285
1993/1/17 6:00,6.907217063,6.907217063,6.907217063,6.907217063,6.907217063,25.41130451,26.11048895,20.96861093,28.63748028,24.72064372,1.443531216,1.432003102,1.005129111,1.729465581,1.447540661,45.06699278,43.35987925,42.65122295,45.98025952,46.56256624,5.70154428,5.538996331,5.005951203,6.09766688,5.836687404
1993/1/17 9:00,7.224914118,7.224914118,7.224914118,7.224914118,7.224914118,21.58917787,21.99039439,18.32625696,23.91310518,21.18285585,1.407284047,1.388048165,0.978347266,1.683875112,1.418305517,42.99448083,42.18427888,41.56901139,43.61257839,43.70047375,5.545978356,5.435949421,4.905993883,5.926285511,5.634955358
1993/1/17 12:00,7.220695033,7.220695033,7.220695033,7.220695033,7.220695033,25.06473398,25.37436539,22.28154773,27.03888359,24.74261755,1.433159587,1.415238894,0.962605265,1.738052127,1.44222518,40.76953457,40.23959415,40.31650258,40.85486163,41.23940381,5.423694011,5.317636302,4.804582638,5.79161574,5.509554356
1993/1/17 15:00,6.896669352,6.896669352,6.896669352,6.896669352,6.896669352,29.46855236,30.22509005,26.90704056,31.4775988,28.74734947,1.431902499,1.420758816,0.944409966,1.750523063,1.434865284,41.15227015,40.78894012,40.85486163,41.20094959,41.47562258,5.420619236,5.313638009,4.777866773,5.803792359,5.507009988
1993/1/17 18:00,6.776425446,6.776425446,6.776425446,6.776425446,6.776425446,29.39938819,30.03281897,26.13246279,31.81269982,28.79129714,1.399935324,1.374555022,0.911085991,1.713928022,1.415443335,42.40087093,42.44796494,42.43148456,42.3985238,42.36006959,5.438391545,5.339990393,4.793496463,5.826691672,5.51682398
1993/1/17 21:00,6.780222622,6.780222622,6.780222622,6.780222622,6.780222622,29.0895998,28.75284293,24.46245112,32.02145128,29.32416271,1.390328393,1.344093228,0.893708457,1.701048204,1.424438764,42.8642202,43.1346474,43.14563432,42.78306598,42.62924911,5.422908689,5.316545858,4.777503292,5.808154133,5.508645654
1993/1/18 0:00,6.825366825,6.825366825,6.825366825,6.825366825,6.825366825,33.34071557,31.46661188,25.2644962,37.94889399,34.89453055,1.432268979,1.343684345,0.895139548,1.75277192,1.503762092,44.12688986,44.17840474,43.82682332,44.34320853,44.07952247,5.431927363,5.299462243,4.773686739,5.815423756,5.540631996
1993/1/18 3:00,6.719045898,6.719045898,6.719045898,6.719045898,6.719045898,32.54905053,29.70870486,23.30882465,37.54237799,34.94946515,1.449900347,1.322831306,0.917014796,1.752363037,1.55569025,45.39618293,44.73873763,43.73892797,46.2274652,45.96377914,5.498961094,5.323452,4.799675643,5.892300022,5.645678052
1993/1/18 6:00,6.645211921,6.645211921,6.645211921,6.645211921,6.645211921,28.4694126,25.07222512,20.61702953,32.32359155,31.38420999,1.441444935,1.294413928,0.939298927,1.715563555,1.565503445,46.17244991,44.84860682,43.59609801,47.34813098,47.32066368,5.572082974,5.356710527,4.863830068,5.955545745,5.75417718
1993/1/18 9:00,7.52995392,7.52995392,7.52995392,7.52995392,7.52995392,26.18070526,25.92371133,24.42399691,27.24214159,26.38516192,1.470605112,1.322626864,0.97241846,1.741732075,1.595556355,44.8191619,43.46974844,43.14563432,45.38147241,46.00772681,5.538716675,5.294736988,4.862557884,5.889392173,5.746907557
1993/1/18 12:00,8.048901301,8.048901301,8.048901301,8.048901301,8.048901301,30.97653802,32.36204576,31.80720636,30.97769399,29.75265254,1.604904336,1.438545232,1.022915527,1.924298394,1.745003141,42.38704046,42.25020039,43.16760816,41.81621708,42.51937992,5.501223415,5.244031366,4.830753282,5.842866584,5.721282135
1993/1/18 15:00,7.860730136,7.860730136,7.860730136,7.860730136,7.860730136,36.82371465,37.38856113,36.40523189,37.32813307,36.31184308,1.740005741,1.540357132,1.06625714,2.106660272,1.908760835,42.85091287,43.49721574,44.60140114,41.94806011,42.29964153,5.641577892,5.363616669,4.905812143,6.018427986,5.87903296
1993/1/18 18:00,7.077246164,7.077246164,7.077246164,7.077246164,7.077246164,39.1488379,37.77310329,34.71324639,41.53612299,40.316575,1.768378927,1.558143549,1.067892672,2.148775234,1.9459692,45.33036778,46.12858293,47.18332719,44.42561043,44.63985535,5.874591919,5.570982673,5.099547603,6.267049103,6.134560218
1993/1/18 21:00,6.530452826,6.530452826,6.530452826,6.530452826,6.530452826,33.68366475,30.4887761,25.87427019,37.58083221,36.42720573,1.70444293,1.499877702,1.045199658,2.059638711,1.877685717,47.46455045,48.15017609,49.38620452,46.46917743,46.87569344,6.039794409,5.735276159,5.27638119,6.424254706,6.300671111
1993/1/19 0:00,6.508935495,6.508935495,6.508935495,6.508935495,6.508935495,32.50415772,29.7306787,25.31943079,36.15802622,34.87805018,1.646922661,1.448153986,1.024346618,1.980110942,1.815535481,48.9029032,49.35873722,50.57279181,47.97987884,48.51823789,6.087837634,5.791797481,5.34507913,6.462056747,6.341381001
1993/1/19 3:00,6.524968016,6.524968016,6.524968016,6.524968016,6.524968016,32.40457298,30.65907334,28.85721866,34.05403126,33.91669478,1.574340435,1.405016815,1.009422384,1.881161224,1.717403529,49.24687043,49.3752176,50.80351712,48.26553874,49.15547921,6.056627996,5.76362769,5.319817189,6.427889518,6.307758993
1993/1/19 6:00,6.371393344,6.371393344,6.371393344,6.371393344,6.371393344,33.3539026,32.27964387,30.22509005,35.00439974,34.26278272,1.500954466,1.364946268,0.9775295,1.793455792,1.614978304,49.55255152,49.6608775,51.44075844,48.34794064,49.47959333,5.97774586,5.711286403,5.28910303,6.327750457,6.205802527
1993/1/19 9:00,6.404302202,6.404302202,6.404302202,6.404302202,6.404302202,38.52675898,38.25652772,37.59181913,39.03659895,38.75643252,1.451161649,1.324466838,0.938276719,1.740505426,1.556916899,50.02488864,50.58927219,52.74270838,48.44682291,49.56199523,5.861937054,5.640044094,5.233126931,6.189991096,6.051141291
1993/1/19 12:00,6.249039897,6.249039897,6.249039897,6.249039897,6.249039897,46.12732232,46.53517106,45.72763252,46.55165143,45.76059328,1.419441011,1.296867227,0.895752873,1.717607971,1.521344067,51.70484229,52.79214952,55.29167368,49.75426632,50.7925302,5.776582763,5.583341033,5.196233593,6.084036337,5.940824758
1993/1/19 15:00,5.855399322,5.855399322,5.855399322,5.855399322,5.855399322,48.48238649,48.82594363,46.08470738,50.20480194,48.14475466,1.371717838,1.259658861,0.861202248,1.665475371,1.46430487,54.24009496,55.80805889,58.27462228,52.18786896,52.90201871,5.737587935,5.561532163,5.178604756,6.037874229,5.886666064
1993/1/19 18:00,5.055460921,5.055460921,5.055460921,5.055460921,5.055460921,43.29588158,41.91517169,36.88865632,46.99112819,44.43666956,1.284748357,1.189944287,0.820109493,1.554872484,1.362697411,56.61049528,58.54929527,61.25207743,54.30285093,54.95107918,5.746918685,5.590974137,5.212045023,6.039146413,5.878487738
1993/1/19 21:00,4.719199894,4.719199894,4.719199894,4.719199894,4.719199894,38.76813524,35.02088012,28.95610092,43.76097405,41.98658666,1.213228279,1.131269558,0.780856713,1.467167052,1.280103018,58.30992629,60.3566435,63.57031741,55.63776164,56.56066286,5.707809245,5.57316356,5.212953726,5.98207987,5.820875974
1993/1/20 0:00,4.677430959,4.677430959,4.677430959,4.677430959,4.677430959,38.03287323,35.13624277,27.75303331,43.66758524,40.4923657,1.143154762,1.069732646,0.74794162,1.375781671,1.203028548,59.87121555,61.77944956,64.92720196,57.28030608,58.24166152,5.67265595,5.548628582,5.174788204,5.953001377,5.776349531
1993/1/20 3:00,4.830161814,4.830161814,4.830161814,4.830161814,4.830161814,38.36770668,34.67479218,25.94568517,45.07391085,41.53612299,1.091032294,1.027822125,0.731586295,1.304022681,1.142309402,60.54503776,61.73550188,64.01528765,58.71959252,59.53262455,5.585277025,5.453396517,5.041935839,5.892663504,5.695293231
1993/1/20 6:00,5.46133684,5.46133684,5.46133684,5.46133684,5.46133684,29.94014878,26.16542354,18.41964577,36.04266357,33.1695843,1.052051377,0.997769215,0.733630711,1.241463562,1.095901167,59.37252004,58.71409906,58.9393309,59.39528806,59.95562094,5.483164407,5.350349606,4.877824093,5.831235187,5.593155024
1993/1/20 9:00,5.993785291,5.993785291,5.993785291,5.993785291,5.993785291,27.06916565,24.01748091,18.44711306,31.57098761,29.66475719,1.067914828,1.006969085,0.749577153,1.254547822,1.117776414,56.35061994,54.65992581,53.76998534,57.37918835,57.82965205,5.305245484,5.196233593,4.74569869,5.63241099,5.394694309
1993/1/20 12:00,6.404302202,6.404302202,6.404302202,6.404302202,6.404302202,28.46656436,26.577433,21.89700558,32.07089241,30.05479281,1.152657431,1.064212724,0.769816868,1.371079515,1.226130445,52.56505253,51.13861816,50.98480129,53.03935521,53.81942648,5.163236867,5.031940107,4.651557068,5.449761705,5.2732916
1993/1/20 15:00,6.900888436,6.900888436,6.900888436,6.900888436,6.900888436,26.89266572,26.28078619,22.15519817,29.79660022,27.36299769,1.287779319,1.161322468,0.816225104,1.549761444,1.393976971,48.87305004,47.97987884,48.12270879,49.01264926,49.6608775,5.17748928,4.980144041,4.603941036,5.478658457,5.345624351
1993/1/20 18:00,7.206350146,7.206350146,7.206350146,7.206350146,7.206350146,25.95295859,24.90192788,20.96311748,28.83524482,26.82463867,1.432461026,1.287462915,0.886553003,1.736416595,1.554054717,45.63551259,44.90903488,45.1507471,45.66713231,46.27690634,5.31170354,5.052840274,4.649921403,5.647131977,5.533180632
1993/1/20 21:00,7.155299225,7.155299225,7.155299225,7.155299225,7.155299225,27.79618189,24.94587555,20.06768359,31.77424561,30.23607697,1.552399943,1.410945621,0.948089914,1.896494341,1.669973086,44.18264371,43.01379129,43.06872589,44.44758427,45.21666862,5.500976152,5.214952873,4.776594589,5.867038082,5.745817113
1993/1/21 0:00,7.013537989,7.013537989,7.013537989,7.013537989,7.013537989,31.09501036,27.77500715,21.36963347,36.21845427,33.91669478,1.574917417,1.431798661,0.973236227,1.916734056,1.693892749,45.64514808,44.00261403,43.27747735,46.55157932,47.08444491,5.713188764,5.423772802,4.945795071,6.106390428,5.960452741
1993/1/21 3:00,7.170066021,7.170066021,7.170066021,7.170066021,7.170066021,33.42291227,30.27453118,24.23172583,38.25652772,36.10309162,1.595111566,1.456740532,1.020871112,1.920414005,1.710452516,46.40679428,44.34870199,42.81602674,47.957905,48.19961723,5.798007394,5.509009135,5.006859906,6.207074711,6.04459863
1993/1/21 6:00,7.002146462,7.002146462,7.002146462,7.002146462,7.002146462,32.07989321,29.961404,25.01179706,35.92730092,33.86176018,1.574358476,1.444065155,1.039679736,1.876663509,1.683057346,47.04032863,45.05735829,43.43129422,48.62810708,48.77093703,5.84245174,5.571346154,5.073013478,6.244149789,6.073495383
1993/1/21 9:00,6.863338585,6.863338585,6.863338585,6.863338585,6.863338585,30.10439988,28.68142795,24.58880069,33.19705159,31.29082118,1.551824287,1.421781024,1.026595476,1.84804169,1.660364332,47.11636449,45.60670426,44.58492076,48.18313685,48.43583599,5.821838616,5.573890523,5.105726783,6.19744246,6.032967233
1993/1/21 12:00,6.735500328,6.735500328,6.735500328,6.735500328,6.735500328,32.29957756,30.65907334,26.95098824,35.19117736,33.68596948,1.553971142,1.40951453,0.99715589,1.865419223,1.674879683,47.21376585,46.16703715,46.06266141,47.55688244,48.13369571,5.800469511,5.558442573,5.12353736,6.152552536,6.006796589
1993/1/21 15:00,6.545219621,6.545219621,6.545219621,6.545219621,6.545219621,35.98535774,34.66380526,30.68104718,38.9761709,37.08642086,1.5204554,1.37946162,0.977733941,1.823713144,1.638693526,48.24033958,47.40855903,47.60083012,48.3259668,48.9796885,5.818228233,5.562804347,5.128080875,6.173816184,6.036238563
1993/1/21 18:00,6.408099378,6.408099378,6.408099378,6.408099378,6.408099378,32.2286134,31.82368674,27.64316412,35.10328201,32.52684955,1.463795475,1.331826734,0.956063135,1.747660881,1.574294432,49.12289371,48.66106784,49.00166234,49.02363618,49.52903447,5.818720246,5.56062346,5.130988724,6.171453557,6.039328153
1993/1/21 21:00,6.571799853,6.571799853,6.571799853,6.571799853,6.571799853,31.59213203,31.14799123,27.44539959,34.15840699,31.93355593,1.454364965,1.331826734,0.940321135,1.74622979,1.556303575,48.57120491,48.47978367,49.28732224,48.06228074,48.66106784,5.750110343,5.493379445,5.09554931,6.081673709,5.96972151
1993/1/22 0:00,5.740640227,5.740640227,5.740640227,5.740640227,5.740640227,36.51643225,34.98791936,29.09343741,40.82746672,37.77310329,1.378601215,1.267223199,0.889415184,1.658319916,1.471051441,50.34416992,50.8199975,51.86924829,49.52354101,49.94104395,5.800860689,5.562440866,5.184056974,6.114568754,6.004797443
1993/1/22 3:00,5.399738207,5.399738207,5.399738207,5.399738207,5.399738207,35.70437868,36.02618319,30.56019107,39.23436349,35.35048768,1.287183048,1.190966495,0.846891339,1.540561574,1.366786242,51.71808833,52.61086535,53.79195918,50.70463484,50.94634707,5.804410052,5.58570366,5.189690932,6.124382746,5.990985159
1993/1/22 6:00,5.20987941,5.20987941,5.20987941,5.20987941,5.20987941,32.64584441,32.04342512,27.76951369,35.63614757,33.1146497,1.194374823,1.113483141,0.798234246,1.424438764,1.261089952,53.03723315,54.35229207,55.88496732,51.68247067,51.89671559,5.793025316,5.604059459,5.196233593,6.11311483,5.953183117
1993/1/22 9:00,4.96095343,4.96095343,4.96095343,4.96095343,4.96095343,28.98780387,27.86839596,24.77008485,31.34026231,29.92294978,1.126531411,1.052559555,0.74794162,1.347977618,1.187082105,53.94401498,55.71467007,58.0548839,51.92418289,52.42408772,5.726737791,5.578797518,5.193325744,6.021335836,5.85104491
1993/1/22 12:00,4.972344958,4.972344958,4.972344958,4.972344958,4.972344958,28.12541816,26.04456743,21.86953828,31.44463804,29.88998903,1.092374298,1.014328982,0.702964476,1.319355799,1.15641587,54.370766,56.62658438,60.03802284,51.50667996,52.44606156,5.629902923,5.51700572,5.180058681,5.883031253,5.724189984
1993/1/22 15:00,4.98542412,4.98542412,4.98542412,4.98542412,4.98542412,27.86944151,25.11617279,19.74356948,32.16428122,30.20311621,1.073642068,0.998995864,0.679044812,1.305453772,1.134540623,54.5189115,56.5277021,60.24677431,51.51766687,52.81412336,5.530312372,5.403599597,5.075012625,5.781438267,5.636954505
1993/1/22 18:00,5.070649624,5.070649624,5.070649624,5.070649624,5.070649624,23.44248207,20.1885397,13.82711369,28.51662417,26.20937122,1.049903906,0.984684954,0.671071591,1.274991979,1.102647738,53.79565875,55.01700069,58.10432503,51.42427806,52.77017568,5.445640688,5.290193474,4.926530569,5.727824796,5.576798372
1993/1/22 21:00,5.105668025,5.105668025,5.105668025,5.105668025,5.105668025,18.266619,14.54126342,8.185330874,23.46264151,21.4465419,1.024804791,0.970169603,0.668004968,1.239419146,1.068505997,52.1315797,51.93516981,53.92929567,50.86394517,52.33069891,5.376229434,5.207319768,4.820030588,5.677482654,5.519004867
1993/1/23 0:00,4.895557622,4.895557622,4.895557622,4.895557622,4.895557622,20.68653899,17.55167918,10.7672568,26.02808706,23.32530502,0.978334212,0.932961238,0.653080734,1.175837819,1.01412454,52.01987445,50.85295825,51.92418289,51.61654915,53.06132905,5.384121643,5.214771132,4.808035709,5.698382821,5.527001452
1993/1/23 3:00,5.286666746,5.286666746,5.286666746,5.286666746,5.286666746,11.76971706,11.23969431,5.141954358,15.96406941,12.13512819,0.93096989,0.903930536,0.658805097,1.100603323,0.951156538,51.16739988,48.46879675,47.65027126,52.40760734,53.53926004,5.36774927,5.180240422,4.721345452,5.721282135,5.525911009
1993/1/23 6:00,5.814474204,5.814474204,5.814474204,5.814474204,5.814474204,188.9916654,0.98889904,357.9538919,1.917293681,359.3327502,0.907678785,0.892481808,0.67352489,1.056852827,0.917832562,47.99043917,44.59590768,42.34358921,50.33657304,50.97930783,5.262387658,5.097911938,4.62102465,5.621870036,5.399964785
1993/1/23 9:00,6.22372539,6.22372539,6.22372539,6.22372539,6.22372539,117.7076973,1.895319843,0.840575635,0.857056014,359.294296,0.929706817,0.91619703,0.689062449,1.083839114,0.938276719,41.58576425,38.79481425,37.65217464,43.05773897,44.04106825,5.06112662,4.929620159,4.522521255,5.365615815,5.170789911
1993/1/23 12:00,6.535937636,6.535937636,6.535937636,6.535937636,6.535937636,6.483205646,7.559076501,6.768018345,6.72407067,5.526496517,1.007193922,0.981822773,0.706848866,1.196077534,1.025573268,34.6728158,32.68059363,33.8287267,34.43850073,36.43812005,4.889147651,4.765871894,4.421473491,5.149889744,4.9925024
1993/1/23 15:00,6.397551667,6.397551667,6.397551667,6.397551667,6.397551667,11.33860219,10.87163253,9.042310543,12.67348722,11.72311874,1.083646308,1.042950801,0.735675126,1.298093876,1.114914232,32.54845395,30.12613488,31.36765676,32.36746643,34.69119987,4.910989226,4.756239643,4.386942781,5.196597074,5.041572357
1993/1/23 18:00,6.479401905,6.479401905,6.479401905,6.479401905,6.479401905,10.59933804,9.613630322,7.350325043,12.36585349,11.42647193,1.13828724,1.07811475,0.767159128,1.360244112,1.186673222,32.32096899,29.25267479,29.86244881,32.72454131,35.02630091,5.016887118,4.825664546,4.431287483,5.328540737,5.179331719
1993/1/23 21:00,6.578550388,6.578550388,6.578550388,6.578550388,6.578550388,10.76349615,9.690538754,7.57006342,12.45374884,11.6736776,1.188660866,1.111643167,0.801914194,1.414216686,1.251890082,32.03000468,28.57697925,28.85714569,32.75750206,35.06475513,5.121120425,4.900541666,4.497077573,5.446672115,5.309094494
1993/1/24 0:00,6.631288943,6.631288943,6.631288943,6.631288943,6.631288943,12.23330158,11.97032441,9.948731347,13.64033607,12.43726846,1.191725893,1.097741141,0.81315848,1.405016815,1.270289823,33.24466782,30.04922644,29.85146189,34.21326888,36.05357787,5.245747376,5.012312124,4.599397521,5.580978405,5.444854709
1993/1/24 3:00,6.692887575,6.692887575,6.692887575,6.692887575,6.692887575,15.70331658,14.26109699,12.68447414,17.1286828,16.94739864,1.228856932,1.13024735,0.867131054,1.42914092,1.311791461,32.68336886,29.73060578,29.07688408,33.88915476,35.2735066,5.248737212,5.018854785,4.607212366,5.582068849,5.444854709
1993/1/24 6:00,5.875650927,5.875650927,5.875650927,5.875650927,5.875650927,14.75827152,11.1737728,11.01446247,15.80475908,17.90875404,1.201492449,1.103465505,0.850775728,1.394794737,1.283987408,33.89118358,30.64801355,30.0547199,35.13617011,36.73476687,5.341550642,5.110452038,4.721527192,5.660217299,5.538996331
1993/1/24 9:00,5.481588445,5.481588445,5.481588445,5.481588445,5.481588445,16.96090864,14.31603158,14.99172709,17.20559123,19.29859927,1.150382221,1.061759425,0.796598713,1.349408709,1.224494912,35.67987833,32.0982869,32.43338794,36.39966583,38.83326847,5.414314826,5.171880355,4.825846286,5.707651591,5.622233517
1993/1/24 12:00,5.088369779,5.088369779,5.088369779,5.088369779,5.088369779,22.56772127,21.61134569,21.20482969,23.08908627,23.40221346,1.114314951,1.025164385,0.728519672,1.334484475,1.188308755,37.8651783,34.65274565,35.81735911,37.943328,40.70104476,5.477340906,5.248938362,4.965241313,5.725643909,5.673847843
1993/1/24 15:00,5.333498582,5.333498582,5.333498582,5.333498582,5.333498582,24.23657508,23.47362843,21.74868217,25.58311684,24.87995404,1.104829063,1.008604618,0.692946839,1.339391072,1.184833248,39.82312918,37.33355398,38.55310203,39.66827434,42.03046201,5.466103288,5.249665324,4.96124302,5.714375993,5.652038973
1993/1/24 18:00,5.59381609,5.59381609,5.59381609,5.59381609,5.59381609,23.05391191,22.02335514,19.3755077,25.08321204,23.91859864,1.108679139,1.011057917,0.689880216,1.347364294,1.189739846,40.8239129,38.85524231,39.96492117,40.60216249,42.57431451,5.402516284,5.164428991,4.826754989,5.689114052,5.606785568
1993/1/24 21:00,5.662165257,5.662165257,5.662165257,5.662165257,5.662165257,20.9898168,20.22150045,17.1836174,23.20444892,21.62233261,1.107523629,1.013511215,0.690902423,1.345933203,1.185651014,40.95462083,39.26175833,40.27255491,40.73400552,42.4534584,5.356717387,5.115540774,4.753877016,5.660035558,5.563349569
1993/1/25 0:00,5.492558064,5.492558064,5.492558064,5.492558064,5.492558064,22.67506348,21.84756444,17.93622134,25.48972803,23.3417854,1.091188634,0.995315916,0.676387072,1.327942345,1.17072678,41.3421551,40.15169879,41.18446921,40.97022429,42.40401726,5.357827087,5.127353912,4.776594589,5.650948529,5.555352983
1993/1/25 3:00,5.92374849,5.92374849,5.92374849,5.92374849,5.92374849,23.3397162,23.51208264,20.17755278,25.50620841,23.1385274,1.100836785,1.009217942,0.702146709,1.328555669,1.176860027,40.70348703,39.4155752,39.73419586,40.82739434,41.84368438,5.276699892,5.04248106,4.660825838,5.591337618,5.477022792
1993/1/25 6:00,5.598035174,5.598035174,5.598035174,5.598035174,5.598035174,27.41333451,26.28078619,24.03396129,29.2033066,28.37379423,1.085021071,0.995929241,0.702146709,1.303204915,1.159073611,41.07120925,39.92646695,40.19564647,41.19545613,42.07990314,5.268036245,5.050477646,4.671912013,5.576434891,5.453578257
1993/1/25 9:00,5.093854589,5.093854589,5.093854589,5.093854589,5.093854589,33.32197392,31.85115404,30.19212929,34.80114174,34.59788374,1.057335756,0.96321859,0.673933773,1.273969771,1.135767272,42.88285482,41.97003395,42.64023603,42.67869025,43.69498029,5.287159627,5.096821494,4.744971727,5.570437451,5.449398224
1993/1/25 12:00,4.623426678,4.623426678,4.623426678,4.623426678,4.623426678,36.73946737,35.25709887,33.08718241,38.5696549,38.00932204,1.057291749,0.944205524,0.641836447,1.287462915,1.152327039,45.25283834,44.75521801,45.96377914,44.58492076,45.70558653,5.308597853,5.137167904,4.834388094,5.55426254,5.455032182
1993/1/25 15:00,4.91243396,4.91243396,4.91243396,4.91243396,4.91243396,39.26198039,37.36658729,34.72423331,41.51414915,40.88789478,1.090491889,0.954018719,0.6357032,1.337346657,1.205890729,47.56748862,47.45250671,49.0346231,46.54608586,47.69421894,5.311206276,5.137713125,4.851108227,5.546811176,5.459575696
1993/1/25 18:00,5.08541642,5.08541642,5.08541642,5.08541642,5.08541642,37.36436817,35.46035687,32.64770565,39.72877484,38.99814474,1.123015799,0.972009577,0.645925279,1.378848295,1.251072316,49.30263844,49.69933172,51.77585948,47.82056851,48.98518196,5.338473844,5.154978481,4.872008394,5.574435744,5.495560332
1993/1/25 21:00,5.113684285,5.113684285,5.113684285,5.113684285,5.113684285,35.34208382,33.3179077,30.18114237,37.95438745,37.07543394,1.138866855,0.98672937,0.659827305,1.395612503,1.267836524,50.40238317,51.36934346,54.10508638,48.33146026,49.59495599,5.375449713,5.186237861,4.908538251,5.609329936,5.537724147
1993/1/26 0:00,5.481588445,5.481588445,5.481588445,5.481588445,5.481588445,33.98737746,32.35105884,28.55507839,36.93809746,35.36696806,1.136530317,0.981413889,0.672093799,1.382323801,1.268449849,51.4110553,52.81412336,55.79157851,49.0620904,50.22670385,5.411164078,5.227311232,4.939070669,5.650766789,5.568438305
1993/1/26 3:00,6.399239301,6.399239301,6.399239301,6.399239301,6.399239301,35.55086908,34.03205743,31.74128485,37.4599761,36.86118902,1.151215215,1.015964514,0.731790737,1.375372788,1.265792108,50.30621676,50.85845171,52.52846346,49.05110348,49.84765513,5.277014914,5.039936692,4.657554507,5.592791543,5.479930642
1993/1/26 6:00,5.7992855,5.7992855,5.7992855,5.7992855,5.7992855,30.727478,29.12090471,27.74753985,32.05990549,32.12033355,1.133188304,1.023528852,0.750599361,1.343071021,1.22551712,49.7896556,49.96301778,51.32539579,48.83685855,49.6608775,5.271664604,5.057383788,4.673002457,5.582795811,5.45448696
1993/1/26 9:00,5.086260237,5.086260237,5.086260237,5.086260237,5.086260237,26.71316182,24.25369967,22.03983552,28.8242579,28.84623174,1.092128217,1.007786851,0.718093152,1.306271539,1.162140234,50.08742133,50.47940299,52.84159066,48.41935561,49.77624016,5.311435434,5.132442649,4.784772915,5.589156731,5.463573989
1993/1/26 12:00,4.605284615,4.605284615,4.605284615,4.605284615,4.605284615,22.79700478,20.40827807,17.52970534,25.33041771,24.8579802,1.061634904,0.988773786,0.673729332,1.289711772,1.121047479,50.90121808,51.94066327,55.62128126,48.18313685,50.04541968,5.342859837,5.204957141,4.888001566,5.589338472,5.459393956
1993/1/26 15:00,5.677353961,5.677353961,5.677353961,5.677353961,5.677353961,17.06885535,15.4916319,13.1624051,19.0239263,18.42513923,1.077960116,1.005946877,0.65778289,1.327737903,1.136176155,49.17216873,50.52335067,55.02249415,45.82094919,48.06228074,5.268584855,5.153888037,4.828754136,5.514461352,5.364525372
1993/1/26 18:00,6.770518728,6.770518728,6.770518728,6.770518728,6.770518728,12.83751629,12.94816019,11.14081204,14.0029044,12.71743489,1.174532833,1.105101037,0.727088581,1.44345183,1.230014834,42.0919819,41.7722694,44.50801232,40.36594372,42.40951072,5.068468458,4.895816411,4.45545898,5.405780484,5.213862429
1993/1/26 21:00,7.395365127,7.395365127,7.395365127,7.395365127,7.395365127,11.82893211,12.74490219,10.93206058,12.78335641,11.00347555,1.318706746,1.256387796,0.833807078,1.615182746,1.367399567,35.67631514,34.92192518,36.47657427,34.84501674,36.36121161,5.062693245,4.89254508,4.412022981,5.425953689,5.205320622
1993/1/27 0:00,7.45696376,7.45696376,7.45696376,7.45696376,7.45696376,12.26197267,13.00309478,10.47060999,13.7447118,11.57479533,1.399580101,1.337142215,0.893708457,1.710043633,1.447949544,33.3603899,33.12556386,34.22974926,32.69158055,33.58152102,5.189740728,5.018127822,4.507436787,5.573527041,5.333084251
1993/1/27 3:00,8.269981323,8.269981323,8.269981323,8.269981323,8.269981323,14.69112566,15.14005049,13.35467618,15.76081141,14.26659045,1.531435677,1.475753597,1.027004359,1.843543976,1.573885549,30.43792543,30.00527876,29.87343573,30.63702663,30.8183108,5.254647775,5.083917913,4.536151798,5.662761667,5.396693455
1993/1/27 6:00,8.070418631,8.070418631,8.070418631,8.070418631,8.070418631,15.30646611,14.13474742,12.06920668,16.98585286,16.30466389,1.610782395,1.548534795,1.093447868,1.928796109,1.658933241,30.001121,29.14829905,28.52753811,30.63153317,30.74689582,5.40795525,5.248938362,4.68645126,5.822693379,5.539541552
1993/1/27 9:00,7.671715155,7.671715155,7.671715155,7.671715155,7.671715155,20.495107,18.43612614,15.51909919,22.97372362,22.2595739,1.671708067,1.579405472,1.095287842,2.016910424,1.745820907,31.36931319,29.6866581,28.85165223,32.36746643,32.8344105,5.556924744,5.377792434,4.81748622,5.975537209,5.706197666
1993/1/27 12:00,8.034556414,8.034556414,8.034556414,8.034556414,8.034556414,24.68086421,23.29234427,20.02373592,27.21467429,25.85229636,1.790362964,1.64830228,1.085270205,2.200907834,1.907125303,34.26189365,32.15871496,31.17538568,35.46577769,36.09752555,5.74480107,5.505374323,4.934527155,6.186174544,5.947003938
1993/1/27 15:00,8.686404953,8.686404953,8.686404953,8.686404953,8.686404953,29.55401484,28.85721866,25.89624403,31.69733717,30.12620778,2.030552631,1.837001845,1.206299613,2.499596963,2.191503522,36.99178422,35.01531399,33.7737921,38.33336364,38.71241236,5.960874144,5.658399893,5.023943521,6.461148045,6.217433924
1993/1/27 18:00,8.708344192,8.708344192,8.708344192,8.708344192,8.708344192,31.82957419,31.6259222,28.16504277,34.18038083,31.95552977,2.243925592,2.033879074,1.341231047,2.758419986,2.418433661,40.01967252,38.54211511,37.43243625,41.13502808,41.31081879,6.275217282,5.920469813,5.265476755,6.802820339,6.577462017
1993/1/27 21:00,8.282216668,8.282216668,8.282216668,8.282216668,8.282216668,34.61072144,34.03755088,30.164662,37.33362653,35.05384088,2.336599424,2.12996661,1.405016815,2.871680614,2.507570184,42.91577343,41.79424324,40.95923737,43.7609018,43.89274484,6.554575763,6.195261573,5.527364933,7.091969605,6.860613844
1993/1/28 0:00,7.797865779,7.797865779,7.797865779,7.797865779,7.797865779,37.48272453,35.84489903,31.48858572,40.80549288,38.85531479,2.260322637,2.060660919,1.374759463,2.767619856,2.425793557,46.66873906,45.78798843,45.24413592,47.26572908,47.43053287,6.763029474,6.426435593,5.76671728,7.288976396,7.049260568
1993/1/28 3:00,7.7489244,7.7489244,7.7489244,7.7489244,7.7489244,40.27802908,37.4874434,34.54844261,42.95892898,42.68974946,2.166137835,1.977657643,1.361470762,2.624101877,2.322959449,48.89456901,48.00734614,47.5623759,49.42465874,49.66637096,6.760578201,6.46278371,5.787980928,7.286250287,7.012548971
1993/1/28 6:00,7.054885016,7.054885016,7.054885016,7.054885016,7.054885016,41.76098826,38.69051101,37.93790707,43.0633047,44.45314994,2.028592347,1.858672652,1.293187278,2.448282129,2.169628274,51.17799125,50.61673949,50.80351712,51.20453967,51.67148375,6.747140201,6.499131826,5.838141329,7.250629133,6.955482428
1993/1/28 9:00,6.391223041,6.391223041,6.391223041,6.391223041,6.391223041,44.31701689,41.86573055,42.14589698,44.77726404,46.474743,1.88506038,1.73968766,1.196486417,2.283297785,2.005052813,53.78907413,53.79745264,54.91811842,53.05034213,53.79195918,6.713891027,6.522939842,5.893208725,7.181567712,6.872608723
1993/1/28 12:00,5.818693288,5.818693288,5.818693288,5.818693288,5.818693288,42.4760561,40.8164798,40.45391148,43.15120006,43.93127129,1.775021968,1.64707563,1.097945582,2.172694898,1.879525691,56.37861662,57.18142381,59.43374228,54.67640619,55.70368315,6.662508691,6.536025164,5.968085845,7.072341622,6.765381779
1993/1/28 15:00,5.838944893,5.838944893,5.838944893,5.838944893,5.838944893,39.25439549,36.87217594,35.00439974,41.11862007,41.32187807,1.699793679,1.584925394,1.031706515,2.096847077,1.792638026,58.31564232,59.87871251,63.1912687,55.70917661,56.98915272,6.565542853,6.47859514,5.938825611,6.946395399,6.633983338
1993/1/28 18:00,5.589175097,5.589175097,5.589175097,5.589175097,5.589175097,36.07568645,33.12563662,30.91726594,38.31695577,38.63557642,1.621260566,1.53095282,0.983253864,2.008119437,1.692666099,59.9175285,61.79043648,65.99842659,56.62658438,58.3405438,6.4737991,6.394449251,5.862676308,6.8469833,6.536025164
1993/1/28 21:00,5.483276078,5.483276078,5.483276078,5.483276078,5.483276078,34.24557452,32.10934663,29.54939454,36.50411416,36.08661125,1.533020118,1.471460324,0.940525576,1.901196497,1.579405472,61.34911037,63.20225562,68.03100668,57.64836788,59.80180407,6.382082255,6.298853705,5.769079908,6.755204306,6.447517501
1993/1/29 0:00,5.298058273,5.298058273,5.298058273,5.298058273,5.298058273,27.97527297,26.82463867,22.58918146,31.08206972,28.92863363,1.435385337,1.383754892,0.889210743,1.776896025,1.47350474,62.7820849,65.07003191,70.23937747,58.73057944,60.86753525,6.334870014,6.28813101,5.76035636,6.69704732,6.368278607
1993/1/29 3:00,6.214865313,6.214865313,6.214865313,6.214865313,6.214865313,31.48935593,29.92294978,28.34632693,32.94435246,32.84547019,1.379077584,1.335915566,0.88103308,1.691848333,1.410536738,61.98600281,63.51538282,67.57504952,58.88439631,60.70822492,6.133709009,6.064953575,5.481021085,6.538933014,6.185629322
1993/1/29 6:00,5.42884989,5.42884989,5.42884989,5.42884989,5.42884989,27.59730763,25.70397295,23.9240921,29.27472157,29.23626736,1.311075054,1.282147434,0.854455677,1.602098485,1.330395644,62.16390537,62.88363495,66.63017446,59.47768995,61.59816539,6.043806878,5.96953977,5.406143965,6.436794807,6.100938211
1993/1/29 9:00,4.954624803,4.954624803,4.954624803,4.954624803,4.954624803,26.48066582,24.67120258,22.07828974,28.67593449,28.03319974,1.243600725,1.232468133,0.806207467,1.529112846,1.247187926,63.3966227,63.78456234,68.62979378,60.05999668,63.14732102,6.000823434,5.921741997,5.44194686,6.339745336,6.06331791
1993/1/29 12:00,4.464367197,4.464367197,4.464367197,4.464367197,4.464367197,27.29193467,26.42910959,23.57800416,29.4065646,28.01122591,1.19239999,1.191784261,0.754279309,1.482500169,1.186673222,64.83894928,65.61937788,72.08517992,60.3017089,64.28996063,5.956067601,5.89157306,5.499740365,6.232881873,6.00697833
1993/1/29 15:00,5.146171235,5.146171235,5.146171235,5.146171235,5.146171235,26.67639353,27.35201078,24.37455577,28.4726765,26.03907398,1.176981138,1.169704572,0.720342009,1.476775805,1.176860027,64.20276013,66.03138735,73.41459716,58.76354019,62.76277884,5.8360882,5.80724543,5.459575696,6.074040605,5.856497128
1993/1/29 18:00,5.640226018,5.640226018,5.640226018,5.640226018,5.640226018,26.46645795,27.95079785,24.84149982,28.13757547,25.11617279,1.201056581,1.173997845,0.709506606,1.516028586,1.218157223,61.37649129,64.59210092,72.20054257,55.41252979,58.73057944,5.666077419,5.647131977,5.293828285,5.905203604,5.677664395
1993/1/29 21:00,5.895058716,5.895058716,5.895058716,5.895058716,5.895058716,28.68487958,29.99436475,26.88506673,30.40088075,27.48934726,1.256556844,1.209979561,0.722795308,1.591876407,1.290325096,57.61305585,61.05431288,67.81676175,52.17138858,54.73683425,5.532565587,5.46684532,5.073376959,5.810698501,5.584613217
1993/1/30 0:00,6.41316228,6.41316228,6.41316228,6.41316228,6.41316228,29.15184903,30.32397232,26.9564817,31.0710828,28.07714742,1.330604467,1.267427641,0.74528388,1.693483866,1.378439412,54.34084694,57.5494856,63.24620329,49.68285134,51.63852299,5.503359062,5.395966493,4.974873564,5.810698501,5.5917011
1993/1/30 3:00,7.98941221,7.98941221,7.98941221,7.98941221,7.98941221,33.25813601,33.91669478,31.41167728,34.74620715,32.64221219,1.500192321,1.4029724,0.86794882,1.880343458,1.577974381,48.94334092,50.92437323,53.56672734,46.66694198,47.24375524,5.414641342,5.257298428,4.710259276,5.818876827,5.544812029
1993/1/30 6:00,7.548939799,7.548939799,7.548939799,7.548939799,7.548939799,38.32614772,38.38837074,36.16351968,39.78370943,38.24004734,1.608520801,1.498446611,0.979369474,1.981542033,1.697777139,48.05047614,49.57847561,50.87493209,46.78779809,46.72737003,5.539119025,5.35761923,4.781865066,5.968449326,5.690386236
1993/1/30 9:00,6.074791711,6.074791711,6.074791711,6.074791711,6.074791711,46.58589807,45.9473709,43.99169935,48.04587239,47.12297121,1.571922463,1.470438117,0.969965162,1.930431641,1.653822202,51.06015364,52.50648962,53.79195918,49.82568129,49.80920091,5.727094349,5.549173803,5.018309563,6.12583667,5.875761629
1993/1/30 12:00,4.983736486,4.983736486,4.983736486,4.983736486,4.983736486,51.50093722,51.03980778,50.02901124,52.28682306,51.89678744,1.484106552,1.395612503,0.909450458,1.829846391,1.554668042,54.9696224,56.64855822,58.45041299,53.33050857,53.52277966,5.880702846,5.736366603,5.294736988,6.211436485,6.001162631
1993/1/30 15:00,5.022552062,5.022552062,5.022552062,5.022552062,5.022552062,51.78806656,52.24287539,50.97937972,52.50656144,51.36941534,1.407495802,1.328555669,0.867335495,1.733963296,1.470233675,58.20633298,60.30720236,62.80123306,56.00032997,56.39585907,5.897591781,5.788344409,5.396693455,6.185811063,5.988077309
1993/1/30 18:00,5.087104054,5.087104054,5.087104054,5.087104054,5.087104054,49.0311649,49.81476633,47.56794143,50.31467113,48.30955845,1.337862556,1.260681069,0.833193754,1.641555708,1.399496893,60.73918822,63.54285012,66.74004365,57.87909319,58.32406342,5.850380751,5.772169498,5.409233555,6.111479164,5.913927152
1993/1/30 21:00,5.138998792,5.138998792,5.138998792,5.138998792,5.138998792,44.31972738,44.65091448,41.58007066,46.26599154,43.98620589,1.275674166,1.196690859,0.802527519,1.557734666,1.339391072,62.49155409,66.03138735,69.9482241,58.96130474,59.43923573,5.776820311,5.722372578,5.381063765,6.017337543,5.81978553
1993/1/31 0:00,5.281603844,5.281603844,5.281603844,5.281603844,5.281603844,40.11445552,40.13529084,38.30596885,41.32187807,40.06936932,1.221876231,1.144967143,0.775745673,1.486793442,1.284191849,63.53032196,67.49814109,72.16208836,59.3897946,60.11493128,5.704497103,5.661852964,5.337627766,5.930647285,5.737275306
1993/1/31 3:00,6.155798131,6.155798131,6.155798131,6.155798131,6.155798131,41.58504273,42.63481487,42.98639627,41.06917894,40.67364986,1.184584779,1.122683012,0.779425622,1.428323154,1.234103666,63.2263532,66.82244555,71.22820021,59.34584692,60.14239857,5.547565316,5.475568868,5.093731905,5.81960379,5.605331643
1993/1/31 6:00,5.271056133,5.271056133,5.271056133,5.271056133,5.271056133,39.33463417,38.56416144,39.36620652,39.0036382,40.02542165,1.131352148,1.093447868,0.762865855,1.360448554,1.159891377,63.6982559,66.48734451,70.82168419,60.07647706,61.32349241,5.504146532,5.4170484,5.027941814,5.784891338,5.575162707
1993/1/31 9:00,4.716246535,4.716246535,4.716246535,4.716246535,4.716246535,40.27127812,38.93771668,38.91024939,40.6406891,41.44273418,1.083224776,1.06768823,0.719524243,1.31812915,1.091812335,65.41437908,67.73435985,73.28275413,61.10924748,63.47143514,5.512161231,5.439220751,5.106817226,5.751814552,5.571346154
1993/1/31 12:00,4.069038988,4.069038988,4.069038988,4.069038988,4.069038988,42.61685241,40.99776396,40.27812078,43.51926184,44.03015356,1.049305225,1.040293061,0.676591514,1.292778395,1.05194623,67.48850009,69.83835491,76.26570274,62.57600121,65.5479629,5.528111423,5.497195997,5.207501509,5.728188277,5.55117295
1993/1/31 15:00,4.50402659,4.50402659,4.50402659,4.50402659,4.50402659,41.69344561,39.86061787,38.05876318,43.37093843,43.27754962,1.044551667,1.029048774,0.653285175,1.297684993,1.052763996,68.57494396,71.27214789,78.21038747,63.22972291,66.33902109,5.480579372,5.475023646,5.192780522,5.669122588,5.481384566
1993/1/31 18:00,5.073181075,5.073181075,5.073181075,5.073181075,5.073181075,40.67759576,39.23985695,36.92161708,42.59636065,41.90418477,1.073851944,1.036204229,0.645720837,1.342457696,1.101421089,68.18176187,71.64570315,78.85861571,62.44965164,65.27878338,5.410911347,5.417411881,5.13280613,5.597880279,5.401055229
1993/1/31 21:00,5.743171677,5.743171677,5.743171677,5.743171677,5.743171677,43.21489518,41.61852488,39.10252047,45.29914269,44.58499296,1.160829892,1.077501426,0.663711695,1.456944973,1.22817486,66.26597687,70.3437532,77.1831105,60.62032957,62.81771344,5.341610564,5.335265138,5.036665362,5.541177218,5.342898243
